filename,name,url,url_basename,status,bytes,sha256,retrieved_utc
Adult-TDM-Protocol-Vancomycin-and-Aminoglycosides.pdf,Adult-TDM-Protocol-Vancomycin-and-Aminoglycosides,https://www.moh.gov.sa/Ministry/MediaCenter/Publications/Documents/Protocol-002.pdf,Protocol-002.pdf,downloaded,287102,1324ad171a4598dcee785548c18712d40ff704254b65d14e2e31ec5881b2dd6c,2026-08-30T10:38:21Z
Headache-Disorder.pdf,Headache-Disorder,https://www.moh.gov.sa/Ministry/MediaCenter/Publications/Documents/Protocol-004.pdf,Protocol-004.pdf,downloaded,271877,f0bbb8af260ebb8f81d221d7d607e42822c73c01439f7e3cce4c5d911ac9e12c,2026-08-30T10:38:23Z
DKA-HHS-Protocol.pdf,DKA-HHS-Protocol,https://www.moh.gov.sa/Ministry/MediaCenter/Publications/Documents/Protocol-005.pdf,Protocol-005.pdf,downloaded,355995,9189e73ee704c3b095e1a361047ffbcbcc0e0a5db6593fbe690e93a835764548,2026-08-30T10:38:24Z
Pediatric-DKA-HHS-Protocol.pdf,Pediatric-DKA-HHS-Protocol,https://www.moh.gov.sa/Ministry/MediaCenter/Publications/Documents/Protocol-006.pdf,Protocol-006.pdf,downloaded,329507,f557a43fd3d9b28d0251525ba2a376bea624153b7b64d47e94740bf209db761f,2026-08-30T10:38:25Z
Inpatient-Hypoglycemia-Management.pdf,Inpatient-Hypoglycemia-Management,https://www.moh.gov.sa/Ministry/MediaCenter/Publications/Documents/Protocol-007.pdf,Protocol-007.pdf,downloaded,171203,98272af595fe534f3f67a5fffce3541608c6e87c35a9033fd171442510942552,2026-08-30T10:38:26Z
Hypoglycemia-Infants-Children-Under-14.pdf,Hypoglycemia-Infants-Children-Under-14,https://www.moh.gov.sa/Ministry/MediaCenter/Publications/Documents/Protocol-008.pdf,Protocol-008.pdf,downloaded,169605,435ca147da846eea501433fde4b7b9bab345eaa61cd34b1eb68adde22f655531,2026-08-30T10:38:27Z
Neuropathic-Pain.pdf,Neuropathic-Pain,https://www.moh.gov.sa/Ministry/MediaCenter/Publications/Documents/Protocol-009.pdf,Protocol-009.pdf,downloaded,209618,ed4f529ca4eaaefc445ba89aa7dea1ebd08f2a5b9bd2eca29e40429ef2704845,2026-08-30T10:38:28Z
Palliative-Care-End-Of-Life.pdf,Palliative-Care-End-Of-Life,https://www.moh.gov.sa/Ministry/MediaCenter/Publications/Documents/Protocol-010.pdf,Protocol-010.pdf,downloaded,322173,35fc72be67113cb694cc00f252e31a77d1727c29ccf133f0e1cb9bc691dcd559,2026-08-30T10:38:29Z
Crash-Cart-Items-2024.pdf,Crash-Cart-Items-2024,https://www.moh.gov.sa/en/Ministry/MediaCenter/Publications/Documents/Crash_Cart_2024.pdf,Crash_Cart_2024.pdf,downloaded,283312,c1f35436a01e2ab9c68e21bcddf7c1e619f149cdac190dd3369d3328f2403068,2026-08-30T10:38:31Z
Pediatric-TDM-Protocol-Vancomycin-and-Aminoglycosides.pdf,Pediatric-TDM-Protocol-Vancomycin-and-Aminoglycosides,https://www.moh.gov.sa/Ministry/MediaCenter/Publications/Documents/Protocol-012.pdf,Protocol-012.pdf,downloaded,229639,7f0d7444745bc0ac72907fe2e18290bb6acfb5ef3ccdbcb82dbd33be04d75c28,2026-08-30T10:38:32Z
Rheumatoid-Arthritis-Adults.pdf,Rheumatoid-Arthritis-Adults,https://www.moh.gov.sa/Ministry/MediaCenter/Publications/Documents/Protocol-014.pdf,Protocol-014.pdf,downloaded,436380,7396ac9ae5c608a88fd44e4152b0a0a44d3d483f30e163c61eb346e31bb4a566,2026-08-30T10:38:33Z
Antibiotic-Surgical-Prophylaxis.pdf,Antibiotic-Surgical-Prophylaxis,https://www.moh.gov.sa/Ministry/MediaCenter/Publications/Documents/Protocol-015.pdf,Protocol-015.pdf,downloaded,164674,e4e13ee076c12b0b5f6ac01b751dd536d87e5c49228113af143aa5e10c993bef,2026-08-30T10:38:34Z
Alcohol-and-Drug-Abuse-Treatment.pdf,Alcohol-and-Drug-Abuse-Treatment,https://www.moh.gov.sa/en/Ministry/MediaCenter/Publications/Documents/Treatments-Protocols-of-Alcohol-and-Drugs-Abuse.pdf,Treatments-Protocols-of-Alcohol-and-Drugs-Abuse.pdf,downloaded,852302,1d1dc6a39d0237a028215ded2dc4ea9b64c1c00664d4233fb9926cd463f82cbc,2026-08-30T10:38:35Z
Warfarin-Monitoring-Adults.pdf,Warfarin-Monitoring-Adults,https://www.moh.gov.sa/Ministry/MediaCenter/Publications/Documents/Protocol-017.pdf,Protocol-017.pdf,downloaded,700012,0dc93c80fb9bcdea3974eacf8fbb830d3589643ae33935857dcd807170417887,2026-08-30T10:38:37Z
Diabetes-Pharmacotherapy-Clinic-Guidelines.pdf,Diabetes-Pharmacotherapy-Clinic-Guidelines,https://www.moh.gov.sa/en/Ministry/MediaCenter/Publications/Documents/Diabetes-Pharmacotherapy-Clinic-Guidelines.pdf,Diabetes-Pharmacotherapy-Clinic-Guidelines.pdf,downloaded,448520,3bdb75360d30eecb8e58cc3339f2ddefe90ab57687328372ed5023178d3297d2,2026-08-30T10:38:38Z
Familial-Hypercholesterolemia.pdf,Familial-Hypercholesterolemia,https://www.moh.gov.sa/Ministry/MediaCenter/Publications/Documents/Protocol-019.pdf,Protocol-019.pdf,downloaded,568882,451eef40811b04abb9282c8830a6743a25f9e2db0c4896b1b72af888c56cfb2b,2026-08-30T10:38:39Z
Safe-Use-of-Contrast-Media-Radiology.pdf,Safe-Use-of-Contrast-Media-Radiology,https://www.moh.gov.sa/en/Ministry/MediaCenter/Publications/Documents/Protocols-of-CM.pdf,Protocols-of-CM.pdf,downloaded,476162,2866b34701b1b61bd976f767264fceef8336615e37c816b81f125db14ce0e70b,2026-08-30T10:38:41Z
Anaphylaxis-Management-Adults-Pediatrics.pdf,Anaphylaxis-Management-Adults-Pediatrics,https://www.moh.gov.sa/Ministry/MediaCenter/Publications/Documents/Saudi-MoH-Protocol-for-Management-of-Anaphylaxis-V1.2.pdf,Saudi-MoH-Protocol-for-Management-of-Anaphylaxis-V1.2.pdf,downloaded,108457,6c1d0731b99113f27d64e713a273661f0e4441b5aade780292a95f74cd1a430c,2026-08-30T10:38:42Z
Saudi-Diabetes-Clinical-Practice-Guidelines.pdf,Saudi-Diabetes-Clinical-Practice-Guidelines,https://www.moh.gov.sa/Ministry/MediaCenter/Publications/Documents/Saudi-Diabetes-Clinical-Practice-Guidelines.pdf,Saudi-Diabetes-Clinical-Practice-Guidelines.pdf,downloaded,8883986,047d5ac77419acde3f826dfea53f95d7919677300ec0335e98bb18863166847e,2026-08-30T10:38:47Z
Lower-Respiratory-Tract-Infections.pdf,Lower-Respiratory-Tract-Infections,https://www.moh.gov.sa/Ministry/MediaCenter/Publications/Documents/Lower-Respiratory-Tract-Infections-Management-Protocol.pdf,Lower-Respiratory-Tract-Infections-Management-Protocol.pdf,downloaded,337849,648bf7041d2630f35f98662cb9e17b14c459de78396d6f7db9bfe3ac3aee7153,2026-08-30T10:38:48Z
Skin-and-Soft-Tissue-Infection.pdf,Skin-and-Soft-Tissue-Infection,https://www.moh.gov.sa/Ministry/MediaCenter/Publications/Documents/Skin-and-soft-tissue-Infection-Management-Protocol.pdf,Skin-and-soft-tissue-Infection-Management-Protocol.pdf,downloaded,299439,0ec6265382662f5fe7614ce3902b43e3c4068f84e9a432a4340ecdf4a066bd34,2026-08-30T10:38:49Z
Urinary-Tract-Infection.pdf,Urinary-Tract-Infection,https://www.moh.gov.sa/Ministry/MediaCenter/Publications/Documents/Urinary-Tract-Infection-management-protocol.pdf,Urinary-Tract-Infection-management-protocol.pdf,downloaded,255497,e1d224af846b5e07ba46fd8d4796dd746c5d538cc6a4fe008bfa3a41e53794c8,2026-08-30T10:38:50Z
Adult-Electrolyte-Replacement-Therapy.pdf,Adult-Electrolyte-Replacement-Therapy,https://www.moh.gov.sa/Ministry/MediaCenter/Publications/Documents/Adults-Electrolyte-Replacement-Therapy-protocol.pdf,Adults-Electrolyte-Replacement-Therapy-protocol.pdf,downloaded,456142,5afc0717d53b85f35e2a5b146759bae4010242286d6e5ffa875db8ab868219e2,2026-08-30T10:38:51Z
VTE-Prevention-Adults-v1.7.pdf,VTE-Prevention-Adults-v1.7,https://www.moh.gov.sa/en/Ministry/MediaCenter/Publications/Documents/VTE_prophylaxis_PROTOCOL_V1.7_withForms_18_Sept_2024.pdf,VTE_prophylaxis_PROTOCOL_V1.7_withForms_18_Sept_2024.pdf,downloaded,1158538,b640f9f5764a757809967aa5b68c7f873c189ab8b8de99ca22f03fb3eaff7610,2026-08-30T10:38:53Z
Seasonal-Influenza-Therapeutic-Protocol.pdf,Seasonal-Influenza-Therapeutic-Protocol,https://www.moh.gov.sa/en/Ministry/MediaCenter/Publications/Documents/Seasonal-Influenza-Therapeutic-Protocol-1.pdf,Seasonal-Influenza-Therapeutic-Protocol-1.pdf,downloaded,126704,71e147a2cd412379acae484c6ec7d41f3eaedbf5106727a99f755bc5194ec298,2026-08-30T10:38:54Z
Glycemic-Control-Noncritical-Basal-Bolus.pdf,Glycemic-Control-Noncritical-Basal-Bolus,https://www.moh.gov.sa/Ministry/MediaCenter/Publications/Documents/Basal-Bolus-Insulin-Protocol.pdf,Basal-Bolus-Insulin-Protocol.pdf,downloaded,188092,339101cd7224b55042023fe2ca5abe7f652d20975031fdbe9920c0c682f42b15,2026-08-30T10:38:55Z
Stress-Ulcer-Prophylaxis-ICU-and-non-ICU.pdf,Stress-Ulcer-Prophylaxis-ICU-and-non-ICU,https://www.moh.gov.sa/Ministry/MediaCenter/Publications/Documents/GI-STRESS-ULCER-PROPHYLAXIS.pdf,GI-STRESS-ULCER-PROPHYLAXIS.pdf,downloaded,166030,937de9ab94e5c694a2f4f7ea2f2998e808283973f1a2c2ae66b5479954f8017e,2026-08-30T10:38:56Z
Group-A-Streptococcal-Pharyngitis.pdf,Group-A-Streptococcal-Pharyngitis,https://www.moh.gov.sa/Ministry/MediaCenter/Publications/Documents/MOH-Group-A-Streptococcal-Pharyngitis.pdf,MOH-Group-A-Streptococcal-Pharyngitis.pdf,downloaded,160200,eb50750b9e7c5015798b01a0315d21bdd9c4e6452452a36c6d131eb1b6d5aefc,2026-08-30T10:38:57Z
Adult-Obsessive-Compulsive-Disorder.pdf,Adult-Obsessive-Compulsive-Disorder,https://www.moh.gov.sa/Ministry/MediaCenter/Publications/Documents/Adult-Obsessive-Compulsive-Disorder.pdf,Adult-Obsessive-Compulsive-Disorder.pdf,downloaded,821011,76c6216e0a26a1cf69dc356c3671f054c60f5ab09fe4b7624c2b641982591156,2026-08-30T10:38:59Z
Anxiety-Disorders-Management.pdf,Anxiety-Disorders-Management,https://www.moh.gov.sa/Ministry/MediaCenter/Publications/Documents/the-management-of-anxiety-disorders.pdf,the-management-of-anxiety-disorders.pdf,downloaded,498428,bd170fa83d04503e5e596071d4c74f1c375fd7ddf8667df3a0065d43e79265fa,2026-08-30T10:39:00Z
BPSD-Dementia-Management.pdf,BPSD-Dementia-Management,https://www.moh.gov.sa/Ministry/MediaCenter/Publications/Documents/Behavioral-and-Psychological-Symptoms.pdf,Behavioral-and-Psychological-Symptoms.pdf,downloaded,653107,e0bf8998d4d27c4f97845b660b8e73a20e94a3ce5c759049fec4bca0a335bd08,2026-08-30T10:39:01Z
Schizophrenia-and-Bipolar-Affective-Disorder.pdf,Schizophrenia-and-Bipolar-Affective-Disorder,https://www.moh.gov.sa/Ministry/MediaCenter/Publications/Documents/SCHIZOPHRENIA-BIPOLAR-Affective-Disorder.pdf,SCHIZOPHRENIA-BIPOLAR-Affective-Disorder.pdf,downloaded,2006724,4fb9e69281e88c43961992b8b7f79023f626610bb2abe16eaeaf97adca0ced11,2026-08-30T10:39:03Z
Rhinosinusitis-Treatment.pdf,Rhinosinusitis-Treatment,https://www.moh.gov.sa/en/Ministry/MediaCenter/Publications/Documents/Rhinosinusitis-treatment-protocol.pdf,Rhinosinusitis-treatment-protocol.pdf,downloaded,224919,3ac413104aeecbbeae1fa0fe777a19d43af5079d9d22ae39b8d417c75900c948,2026-08-30T10:39:04Z
Mpox-Protocol-v1.2.pdf,Mpox-Protocol-v1.2,https://www.moh.gov.sa/en/Ministry/MediaCenter/Publications/Documents/Mpox_Protocol_V1.2_11092024.pdf,Mpox_Protocol_V1.2_11092024.pdf,downloaded,175430,31816e6d0faa9b1fae4e7ebfbd7378fdca90fee990a46c80ec99227cb9538e01,2026-08-30T10:39:05Z
Breast-Milk-Substitution-Policy.pdf,Breast-Milk-Substitution-Policy,https://www.moh.gov.sa/en/Ministry/MediaCenter/Publications/Documents/Policy-breast-milk-subsituites-hospital-2022-en.pdf,Policy-breast-milk-subsituites-hospital-2022-en.pdf,downloaded,615641,81451974e21eacb82e6a043036c9b71a4037965815a8c6a7e891d35ea00bb23d,2026-08-30T10:39:07Z
Adult-ICU-Triage-Admission-Discharge-v1.1.pdf,Adult-ICU-Triage-Admission-Discharge-v1.1,https://www.moh.gov.sa/en/Ministry/MediaCenter/Publications/Documents/Adult-ICU-Triage-Admission-and-Discharge-Criteria.pdf,Adult-ICU-Triage-Admission-and-Discharge-Criteria.pdf,downloaded,184774,99e86ec674d68fb05d2a36a8c6704b055107e5adbeb1cd20b7fcff7a42027c10,2026-08-30T10:39:08Z
Intra-abdominal-Infections-Treatment.pdf,Intra-abdominal-Infections-Treatment,https://www.moh.gov.sa/en/Ministry/MediaCenter/Publications/Documents/Internal-Abdominal-infection-Treatment-Protocol.pdf,Internal-Abdominal-infection-Treatment-Protocol.pdf,downloaded,191240,beba5b961701ef85446514cb7a4df8e360c8e4dfb1e67f9e9c56f06b18ff2e54,2026-08-30T10:39:09Z
High-Flow-Nasal-Oxygen-Adults.pdf,High-Flow-Nasal-Oxygen-Adults,https://www.moh.gov.sa/en/Ministry/MediaCenter/Publications/Documents/MOH-HFNC-Guidelines.pdf,MOH-HFNC-Guidelines.pdf,downloaded,263918,4df0dd6f91b11da9f824caab402d6b095f521552b698c449d427cd631c3a503a,2026-08-30T10:39:10Z
Atopic-Dermatitis-Guidelines.pdf,Atopic-Dermatitis-Guidelines,https://www.moh.gov.sa/en/Ministry/MediaCenter/Publications/Documents/Atopic-Dermatitis-Guidelines.pdf,Atopic-Dermatitis-Guidelines.pdf,downloaded,762847,eab64f6f3e55372d75bb308b3b5226b9837eae06ea651b88b0fb3472477da175,2026-08-30T10:39:11Z
PICU-Triage-Admission-Discharge.pdf,PICU-Triage-Admission-Discharge,https://www.moh.gov.sa/en/Ministry/MediaCenter/Publications/Documents/PICU-Protocol.pdf,PICU-Protocol.pdf,downloaded,114723,9c9e0538496bd83f7169d63e6f01961fc9d74162ee7ffa7dd4866b1e2ed25667,2026-08-30T10:39:13Z
DNR-National-Policy-and-Procedure.pdf,DNR-National-Policy-and-Procedure,https://www.moh.gov.sa/en/Ministry/MediaCenter/Publications/Documents/National-Policy-and-Procedure-for-DNR-Status-EN.pdf,National-Policy-and-Procedure-for-DNR-Status-EN.pdf,downloaded,2390897,38db25c14b4e47480fafe4a4bd89cf2ebf20b5bd27288bdcaad2ea29283b10f3,2026-08-30T10:39:15Z
Adult-Eating-Disorder-Management.pdf,Adult-Eating-Disorder-Management,https://www.moh.gov.sa/en/Ministry/MediaCenter/Publications/Documents/Eating-Disorder-Protocol.pdf,Eating-Disorder-Protocol.pdf,downloaded,298698,c4fceaecfce9a43121ca99ab565fcc620dfeaca2ffff285ad761668299a6084d,2026-08-30T10:39:16Z
OCD-Children-and-Adolescents.pdf,OCD-Children-and-Adolescents,https://www.moh.gov.sa/en/Ministry/MediaCenter/Publications/Documents/MOH-Protocol-for-OCD-in-Children-and-Adolescents.pdf,MOH-Protocol-for-OCD-in-Children-and-Adolescents.pdf,downloaded,254986,176e3a9e89d6b746c899efc58150ae2851d7c0f137aa1ab211207c5bbae24dbc,2026-08-30T10:39:17Z
ADHD-Across-the-Life-Span.pdf,ADHD-Across-the-Life-Span,https://www.moh.gov.sa/en/Ministry/MediaCenter/Publications/Documents/MOH-Protocol-for-ADHD-Across-the-Life-Span.pdf,MOH-Protocol-for-ADHD-Across-the-Life-Span.pdf,downloaded,686043,4f37c60ca661bdce864e470df22e0e918d487743386d5252ee56cf83833c568f,2026-08-30T10:39:18Z
Surgical-Site-Infections-Guidelines.pdf,Surgical-Site-Infections-Guidelines,https://www.moh.gov.sa/en/Ministry/MediaCenter/Publications/Documents/Surgical-Site-Infection-Guideline.pdf,Surgical-Site-Infection-Guideline.pdf,downloaded,214555,4dda5a2eafe0acd747a2784861273b065cf9450d31661e1fb3b5641b245f0326,2026-08-30T10:39:19Z
Premenstrual-Dysphoric-Disorder-PMDD.pdf,Premenstrual-Dysphoric-Disorder-PMDD,https://www.moh.gov.sa/en/Ministry/MediaCenter/Publications/Documents/Guideline-on-the-treatment-of-Premenstrual-Dysphoric-Disorder%28PMDD%29.pdf,Guideline-on-the-treatment-of-Premenstrual-Dysphoric-Disorder(PMDD).pdf,downloaded,763310,723d53bdfd755ebf40f9c47dede017d7937700de4ce72fa85f234b689d22bd54,2026-08-30T10:39:21Z
Major-Depressive-Disorder.pdf,Major-Depressive-Disorder,https://www.moh.gov.sa/en/Ministry/MediaCenter/Publications/Documents/MOH-Protocol-for-the-Management-of-Major-Depressive-Disorder.pdf,MOH-Protocol-for-the-Management-of-Major-Depressive-Disorder.pdf,downloaded,269920,15f03d6ec97e8e3f03a2ae496b05c3c48d59bf9e2dc13da0d3788d3c47f562e6,2026-08-30T10:39:22Z
Preventive-Home-Visit-Dental-Care.pdf,Preventive-Home-Visit-Dental-Care,https://www.moh.gov.sa/en/Ministry/MediaCenter/Publications/Documents/Home-Preventive-Dental-Care-Visits-Protocol.pdf,Home-Preventive-Dental-Care-Visits-Protocol.pdf,downloaded,569996,b8d4baa220bab2f09df968f5d8dbafc71aac3597b57ba4843d99970b5dc19edb,2026-08-30T10:39:23Z
ED-to-NICU-PICU-Admission-Criteria.pdf,ED-to-NICU-PICU-Admission-Criteria,https://www.moh.gov.sa/en/Ministry/MediaCenter/Publications/Documents/Admission_Criteria_from_Emergency_Department_to_either_NICU_and_PICU.pdf,Admission_Criteria_from_Emergency_Department_to_either_NICU_and_PICU.pdf,downloaded,135136,ac94c6261da1fdd9a648ac0f1bc183466d3900f3729e1f4f36431475ca80a65e,2026-08-30T10:39:24Z
Prevention-of-Cognitive-Impairment.pdf,Prevention-of-Cognitive-Impairment,https://www.moh.gov.sa/en/Ministry/MediaCenter/Publications/Documents/Ministry_of_Health_Protocol_for_the_Prevention_of_Cognitive_Impairment.pdf,Ministry_of_Health_Protocol_for_the_Prevention_of_Cognitive_Impairment.pdf,downloaded,686829,fa6f8b1dd9f416a2270b0e3cebb8f6b6ad9d6ea860eb8521e1499dc457c0417b,2026-08-30T10:39:29Z
Alopecia-Areata-Saudi-Consensus-2023.pdf,Alopecia-Areata-Saudi-Consensus-2023,https://www.moh.gov.sa/en/Ministry/MediaCenter/Publications/Documents/AA_Guidelines_Adapted_for_MOH.pdf,AA_Guidelines_Adapted_for_MOH.pdf,downloaded,560185,ceb88cf4fcaf4d4de9747afcbb89a4caa6c58df2b8b56603130255336550a53a,2026-08-30T10:39:30Z
Psoriasis-National-Guidelines.pdf,Psoriasis-National-Guidelines,https://www.moh.gov.sa/en/Ministry/MediaCenter/Publications/Documents/Psoriasis_National_Guidelines.pdf,Psoriasis_National_Guidelines.pdf,downloaded,546488,625d2789499690cf3b8c376b0ba5544404022c6edce31d9f4ceb62ed7c95ef69,2026-08-30T10:39:32Z
Circumcision-Policy.pdf,Circumcision-Policy,https://www.moh.gov.sa/en/Ministry/MediaCenter/Publications/Documents/Circumcision_Policy.pdf,Circumcision_Policy.pdf,downloaded,271324,7ba5fe4c52d64afd6b80a89e051a0a9132185105d704ef400305308fb6a0bc66,2026-08-30T10:39:33Z
Home-Hemodialysis-Complications.pdf,Home-Hemodialysis-Complications,https://www.moh.gov.sa/en/Ministry/MediaCenter/Publications/Documents/Home_Hemodialysis_Complication_Management.pdf,Home_Hemodialysis_Complication_Management.pdf,downloaded,227013,d3a2e6d2caba8e4d0be0982835ef407096d7c738193ae2d5a064398b361b870b,2026-08-30T10:39:34Z
Pharmaceutical-Extemporaneous-Preparations.pdf,Pharmaceutical-Extemporaneous-Preparations,https://www.moh.gov.sa/en/Ministry/MediaCenter/Publications/Documents/Pharmaceutical_Extemporaneous_Preparations_Guideline_April_2023.pdf,Pharmaceutical_Extemporaneous_Preparations_Guideline_April_2023.pdf,downloaded,1956660,49a3f63bdb6d39f2bdc29d2ddeea838f5ae0658dc9084de932399f94656a59ff,2026-08-30T10:39:36Z
Preprinted-Chemotherapy-Orders.pdf,Preprinted-Chemotherapy-Orders,https://www.moh.gov.sa/en/Ministry/MediaCenter/Publications/Documents/Preprinted_Chemotherapy-Orders_PPOs_MOH.pdf,Preprinted_Chemotherapy-Orders_PPOs_MOH.pdf,downloaded,2628729,01eee79139c12c8f5270397098437ce72a2d47aac0286a51c841b1997262126d,2026-08-30T10:39:38Z
Botulism-Poisoning-Management-v1.1.pdf,Botulism-Poisoning-Management-v1.1,https://www.moh.gov.sa/en/Ministry/MediaCenter/Publications/Documents/Comprehensive_Botulism_Poisoning_Management_Protocol_In_Acute_Care_Settings_Version%201.1.pdf,Comprehensive_Botulism_Poisoning_Management_Protocol_In_Acute_Care_Settings_Version 1.1.pdf,downloaded,551669,b77fc6c55c91fdbdeea4b4415f7e5fc9d30b06a2500eb466ddbcc052c92e33f0,2026-08-30T10:39:39Z
Adult-Systemic-Lupus-Erythematosus.pdf,Adult-Systemic-Lupus-Erythematosus,https://www.moh.gov.sa/en/Ministry/MediaCenter/Publications/Documents/Saudi_National_Clinical_Practice_Guidelines_for_Management_of_Adult.pdf,Saudi_National_Clinical_Practice_Guidelines_for_Management_of_Adult.pdf,downloaded,663652,5df4eaac40f2c408ceaf842efa25e8424340cbbb86a7abb521ebed0702d36122,2026-08-30T10:39:40Z
Psoriatic-Arthritis-Management.pdf,Psoriatic-Arthritis-Management,https://www.moh.gov.sa/en/Ministry/MediaCenter/Publications/Documents/Management_of_Psoriatic_Arthritis.pdf,Management_of_Psoriatic_Arthritis.pdf,downloaded,1194793,cf1ee4fa85321e876d0e4545c543bfbf807e339080a0cfdc209b69a697dd9025,2026-08-30T10:39:42Z
DVT-Treatment-Adults-2024.pdf,DVT-Treatment-Adults-2024,https://www.moh.gov.sa/en/Ministry/MediaCenter/Publications/Documents/DVT_Deep_Vein_Thrombosis_treatment_protocol_2024.pdf,DVT_Deep_Vein_Thrombosis_treatment_protocol_2024.pdf,downloaded,245209,3242d5d85be541fd5021371bc13e01c2f3fe85ac17d35d3fc226e2475ed53229,2026-08-30T10:39:43Z
Pulmonary-Embolism-Adults.pdf,Pulmonary-Embolism-Adults,https://www.moh.gov.sa/en/Ministry/MediaCenter/Publications/Documents/PE_Pulmonary_Embolism_Protocol.pdf,PE_Pulmonary_Embolism_Protocol.pdf,downloaded,261621,891041718d53514900d2c5b09bf944d25465927b51e60137deae098b2f94b5dc,2026-08-30T10:39:44Z
NICU-Early-Onset-Neonatal-Sepsis.pdf,NICU-Early-Onset-Neonatal-Sepsis,https://www.moh.gov.sa/en/Ministry/MediaCenter/Publications/Documents/NICU_DIAGNOSIS_and_MANAGEMENT_GUIDELINES_of_EOS.pdf,NICU_DIAGNOSIS_and_MANAGEMENT_GUIDELINES_of_EOS.pdf,downloaded,440876,60bd998820901131c7b4fd60e119ec8f9f35b1c4b3e30fa3d670baa376d0b737,2026-08-30T10:39:46Z
NICU-Admission-and-Discharge-Criteria.pdf,NICU-Admission-and-Discharge-Criteria,https://www.moh.gov.sa/en/Ministry/MediaCenter/Publications/Documents/NICU_Admission_and_Discharge_Criteria.pdf,NICU_Admission_and_Discharge_Criteria.pdf,downloaded,214544,c5dc72b624283d683397e831b5fbd13c8739ba8d79fdfe2bc4fbffc076ef1f90,2026-08-30T10:39:47Z
Neonatal-Hypoxic-Ischemic-Encephalopathy.pdf,Neonatal-Hypoxic-Ischemic-Encephalopathy,https://www.moh.gov.sa/en/Ministry/MediaCenter/Publications/Documents/CPG_NEONATAL_HYPOXIC_ISCHEMIC_ENCEPHALOPATHY.pdf,CPG_NEONATAL_HYPOXIC_ISCHEMIC_ENCEPHALOPATHY.pdf,downloaded,2934344,638d6a677533045b03ad43e88458601abb7111ab24b2db1ea463bcf1b9f9d6f0,2026-08-30T10:39:51Z
Insulin-Subcutaneous-Basal-Bolus-Correction.pdf,Insulin-Subcutaneous-Basal-Bolus-Correction,https://www.moh.gov.sa/en/Ministry/MediaCenter/Publications/Documents/INSULIN_SUBCUTANEOUS_BASAL_BOLUS_and_CORRECTION_%28SLIDING_SCALE%29.pdf,INSULIN_SUBCUTANEOUS_BASAL_BOLUS_and_CORRECTION_(SLIDING_SCALE).pdf,downloaded,249934,7a7a41f287a4ef7a37731c62fde4d2e1722b28138af6801229846ba3431984ae,2026-08-30T10:39:53Z
RSV-Prophylaxis-Policy-2024.pdf,RSV-Prophylaxis-Policy-2024,https://www.moh.gov.sa/en/Ministry/MediaCenter/Publications/Documents/RSV_policy_update_2024.pdf,RSV_policy_update_2024.pdf,downloaded,294738,9e778121a64f2f3bdea31c054a308764bb2170074ffab1630c17741a2681d09d,2026-08-30T10:39:54Z
Myopia-Management-Guidelines.pdf,Myopia-Management-Guidelines,https://www.moh.gov.sa/Ministry/MediaCenter/Publications/Documents/Clinical-Protocol-Myopia-Management.pdf,Clinical-Protocol-Myopia-Management.pdf,downloaded,1586879,6e24f88198e4e51f627255ba68e6e3a3432aeebf292e6ea9e4faf49d19e50d80,2026-08-30T10:39:56Z
Prescribing-Albumin-Protocol-Dec2024.pdf,Prescribing-Albumin-Protocol-Dec2024,https://www.moh.gov.sa/en/Ministry/MediaCenter/Publications/Documents/Prescribing_Albumin_Protocol_Dec2024.pdf,Prescribing_Albumin_Protocol_Dec2024.pdf,downloaded,311852,91831257785abb171fc3af3b4ecda93496f7eb8001ffa9c7800e258224a3b21d,2026-08-30T10:39:57Z
Neonatal-Parenteral-Nutrition-CPG.pdf,Neonatal-Parenteral-Nutrition-CPG,https://www.moh.gov.sa/en/Ministry/MediaCenter/Publications/Documents/CPG_Neonatal_Parenteral_Nutrition_with_Appendix_Sept2024.pdf,CPG_Neonatal_Parenteral_Nutrition_with_Appendix_Sept2024.pdf,downloaded,348062,4a62e09dcdcd3e442761223b12d34c579299e2ccd08b9122fb5c1c9e1e2335da,2026-08-30T10:39:58Z
Pediatric-Parenteral-Nutrition-CPG.pdf,Pediatric-Parenteral-Nutrition-CPG,https://www.moh.gov.sa/en/Ministry/MediaCenter/Publications/Documents/CPG_Pediatric_PARENTERAL_NUTRITION_with_Appendix_Sept2024.pdf,CPG_Pediatric_PARENTERAL_NUTRITION_with_Appendix_Sept2024.pdf,downloaded,366545,72add0939adaba3d2d943c9d2ac85bd2d1bd1908966640b91cb0933cc83d1621,2026-08-30T10:39:59Z
Adult-Parenteral-Nutrition-CPG.pdf,Adult-Parenteral-Nutrition-CPG,https://www.moh.gov.sa/en/Ministry/MediaCenter/Publications/Documents/CPG_Adult_PARENTERAL_NUTRITION_with_Appendix_Sept2024.pdf,CPG_Adult_PARENTERAL_NUTRITION_with_Appendix_Sept2024.pdf,downloaded,347117,9d228a15255210f61b4103c6edb20e45c9f6acf47ac9a5d9d5a4ae020c95ea81,2026-08-30T10:40:00Z
Saudi-National-Malaria-Management.pdf,Saudi-National-Malaria-Management,https://www.moh.gov.sa/en/Ministry/MediaCenter/Publications/Documents/Saudi_National_Guideline_for_Malaria_Management_compressed.pdf,Saudi_National_Guideline_for_Malaria_Management_compressed.pdf,downloaded,7257347,8eac5c1b2e83eb0b253d01376632384bc79fe6038e205d103c95526748710124,2026-08-30T10:40:04Z
Adult-Critical-Care-Rapid-Response-Team.pdf,Adult-Critical-Care-Rapid-Response-Team,https://www.moh.gov.sa/Ministry/MediaCenter/Publications/Documents/Guideline-adult_critical_care_rapid_response_team.pdf,Guideline-adult_critical_care_rapid_response_team.pdf,downloaded,190988,e90b58b88c2bf0c999c13e441f1c67943f3ccedb5a7edc94accaecf6e5a99aa4,2026-08-30T10:40:05Z
Vision-Therapy-Clinic-Protocol.pdf,Vision-Therapy-Clinic-Protocol,https://www.moh.gov.sa/Ministry/MediaCenter/Publications/Documents/Vision-Therapy-clinic-protocol.pdf,Vision-Therapy-clinic-protocol.pdf,downloaded,1784922,c706a36887caeb06de465cedc2d3be644691c09217d8a7f569c80e7345d8b895,2026-08-30T10:40:07Z
Acute-CNS-Infections-Meningitis-Adults.pdf,Acute-CNS-Infections-Meningitis-Adults,https://www.moh.gov.sa/Ministry/MediaCenter/Publications/Pages/Management_of_Acute_CNS_Infections.pdf,Management_of_Acute_CNS_Infections.pdf,downloaded,549599,7edc9d4c1dc35f7c30f1ff15b1fd02f14f729361d0db095c535bf820b34c66b4,2026-08-30T10:40:08Z
Compliance-Program-Healthcare-Organizations.pdf,Compliance-Program-Healthcare-Organizations,https://www.moh.gov.sa/Ministry/MediaCenter/Publications/Pages/Program-Healthcare-Organizations.pdf,Program-Healthcare-Organizations.pdf,downloaded,3979520,35cb332b8da64368e8c0e918ee68d355a165bf87e4c40e77aa63c790560a9558,2026-08-30T10:40:11Z
Pulmonary-Rehabilitation-Protocol-2025.pdf,Pulmonary-Rehabilitation-Protocol-2025,https://www.moh.gov.sa/en/Ministry/MediaCenter/Publications/Pages/PRP-Protocol-2025.pdf,PRP-Protocol-2025.pdf,downloaded,3187567,de252bc382b469ffa48eb537980eb6eb392628f281691b53593c7bf668abdca3,2026-08-30T10:40:13Z
Total-Knee-Arthroplasty-Rehabilitation-2025.pdf,Total-Knee-Arthroplasty-Rehabilitation-2025,https://www.moh.gov.sa/Ministry/MediaCenter/Publications/Documents/Knee-Arthroplasty-Rehabilitation-Protocol.pdf,Knee-Arthroplasty-Rehabilitation-Protocol.pdf,downloaded,171799,39f20c674e569af67699a67c78869ef3525ebdbed60d8801ce862c107bc24293,2026-08-30T10:40:14Z
Total-Hip-Arthroplasty-Rehabilitation-2025.pdf,Total-Hip-Arthroplasty-Rehabilitation-2025,https://www.moh.gov.sa/Ministry/MediaCenter/Publications/Documents/Hip-Arthroplasty-Rehabilitation-Protocol.pdf,Hip-Arthroplasty-Rehabilitation-Protocol.pdf,downloaded,243240,573529601afe50221ce72a41b6b2e3a924620abeef947a862734099701237228,2026-08-30T10:40:16Z
Cardiac-Rehabilitation-Secondary-Prevention-2025.pdf,Cardiac-Rehabilitation-Secondary-Prevention-2025,https://www.moh.gov.sa/Ministry/MediaCenter/Publications/Documents/Guideline-Cardiac-Rehabilitation-Secondary-Prevention.pdf,Guideline-Cardiac-Rehabilitation-Secondary-Prevention.pdf,downloaded,597324,204ac00f721a295b1f51866741309954300fb38ec3b47d497c2e9590e216c0d4,2026-08-30T10:40:17Z
Total-Shoulder-Arthroplasty-Rehabilitation-2025.pdf,Total-Shoulder-Arthroplasty-Rehabilitation-2025,https://www.moh.gov.sa/Ministry/MediaCenter/Publications/Documents/Arthroplasty-Rehabilitation-Protocol.pdf,Arthroplasty-Rehabilitation-Protocol.pdf,downloaded,210095,5e7496c4625b3e72cdd5e4598674cc3a9855297f3bbca996a0248b05f34dc9c5,2026-08-30T10:40:18Z
Amputation-Rehabilitation-Upper-Lower-Limb-2025.pdf,Amputation-Rehabilitation-Upper-Lower-Limb-2025,https://www.moh.gov.sa/Ministry/MediaCenter/Publications/Documents/Lower-Upper-Limb-Amputation-Rehabilitation-Protocol.pdf,Lower-Upper-Limb-Amputation-Rehabilitation-Protocol.pdf,downloaded,478488,ed9d115d698dc0e89d227cd1f304c0cece59ddf7696962a863e9f7206d1f6250,2026-08-30T10:40:19Z
Saudi-Vestibular-Rehabilitation-Protocol.pdf,Saudi-Vestibular-Rehabilitation-Protocol,https://www.moh.gov.sa/Ministry/MediaCenter/Publications/Documents/vestibular-rehabilitation-protocol.pdf,vestibular-rehabilitation-protocol.pdf,downloaded,3093969,65ddea44d7ec291609fde3045044993f51768ca808456e8a856264b634fc263a,2026-08-30T10:40:22Z
Parenteral-Nutrition-Guidelines-Chamber.pdf,Parenteral-Nutrition-Guidelines-Chamber,https://www.moh.gov.sa/Ministry/MediaCenter/Publications/Documents/guidelines-chamber-parenteral-nutrition.pdf,guidelines-chamber-parenteral-nutrition.pdf,downloaded,301066,87011f49a25cc84bc760769f4fd3acc803f13c4da3c2e8a8f520d0d607b9c27a,2026-08-30T10:40:23Z
Parenteral-Nutrition-Guidelines-Adults-Chamber.pdf,Parenteral-Nutrition-Guidelines-Adults-Chamber,https://www.moh.gov.sa/Ministry/MediaCenter/Publications/Documents/guidelines-adult-Chamber-parenteral-nutrition.pdf,guidelines-adult-Chamber-parenteral-nutrition.pdf,downloaded,264816,72c82a35428ff93edfea0f9faa96ca979c535f23de63e194ee86c2f66087911c,2026-08-30T10:40:24Z
Anticoagulation-Reversal-Strategies.pdf,Anticoagulation-Reversal-Strategies,https://www.moh.gov.sa/Ministry/MediaCenter/Publications/Documents/reversal-strategies-anticoagulants.pdf,reversal-strategies-anticoagulants.pdf,downloaded,199041,44352fda66fcfc4ad21c1982d0d78eed706abebcc026e168e1f6e0172155ab20,2026-08-30T10:40:25Z
Neonatal-Respiratory-Care-Bundle.pdf,Neonatal-Respiratory-Care-Bundle,https://www.moh.gov.sa/Ministry/MediaCenter/Publications/Documents/respiratory-care-bundle-Neonate.pdf,respiratory-care-bundle-Neonate.pdf,downloaded,1192960,c8fbcb03a50126c49c2b41987f79faeae1e44b5d35cd23483f9465f451905152,2026-08-30T10:40:27Z
High-Flow-Oxygen-Therapy-Adults.pdf,High-Flow-Oxygen-Therapy-Adults,https://www.moh.gov.sa/Ministry/MediaCenter/Publications/Documents/adult-high-oxygen-therapy.pdf,adult-high-oxygen-therapy.pdf,downloaded,1667675,a5d922f3d6493863f668d7776f2c42ed85fabc16df108b613d632040bb46ae39,2026-08-30T10:40:29Z
Respiratory-Equipment-Dispensing.pdf,Respiratory-Equipment-Dispensing,https://www.moh.gov.sa/Ministry/MediaCenter/Publications/Documents/respiratory-equipment-protocol.pdf,respiratory-equipment-protocol.pdf,downloaded,2584616,3214d3795c2649a2d6b38a2222b366b37ce391d0efbac39c51efc3a4e0dc7d31,2026-08-30T10:40:31Z
Lung-Cancer-Early-Detection-Screening.pdf,Lung-Cancer-Early-Detection-Screening,https://www.moh.gov.sa/Ministry/MediaCenter/Publications/Documents/Lung-Cancer-Screening-Protocol.pdf,Lung-Cancer-Screening-Protocol.pdf,downloaded,1600673,0a626ac951e9fc64864c044137b5433cb5374b57d2111218f2889e71299e9390,2026-08-30T10:40:32Z
Maternal-Sepsis-Management.pdf,Maternal-Sepsis-Management,https://www.moh.gov.sa/Ministry/MediaCenter/Publications/Documents/maternal-sepsis.pdf,maternal-sepsis.pdf,downloaded,692483,85958a9b8553e30aceb51a15f23a655e275a71a740628a7197aee4f423fbda20,2026-08-30T10:40:34Z
Pediatric-Sepsis-Management.pdf,Pediatric-Sepsis-Management,https://www.moh.gov.sa/Ministry/MediaCenter/Publications/Documents/management-pediatric-sepsis.pdf,management-pediatric-sepsis.pdf,downloaded,184548,d1c76b16558fa2e57bd5a4da714529cbee34c78875d621853b2fe76c80d38c7f,2026-08-30T10:40:35Z
Emergency-Cart-Contents-Adults-Pediatrics.pdf,Emergency-Cart-Contents-Adults-Pediatrics,https://www.moh.gov.sa/Ministry/MediaCenter/Publications/Documents/adult-crash-cart.pdf,adult-crash-cart.pdf,downloaded,395935,f6b134c018031e5224748d1e8deacd77d302f93d8c75ca5d141910349dc9fc5d,2026-08-30T10:40:36Z
